
-- Clean up any leftover venue users from failed attempts
DELETE FROM public.profiles WHERE display_name = 'New User' AND created_at > NOW() - INTERVAL '1 hour';
DELETE FROM auth.identities WHERE user_id IN (SELECT id FROM auth.users WHERE email LIKE 'venue-%@afterbefore.rs');
DELETE FROM auth.users WHERE email LIKE 'venue-%@afterbefore.rs';

DO $$
DECLARE
  v_drugstore_uid UUID := gen_random_uuid();
  v_karmakoma_uid UUID := gen_random_uuid();
  v_para_uid UUID := gen_random_uuid();
  v_kult_uid UUID := gen_random_uuid();
  v_telma_uid UUID := gen_random_uuid();
  v_kptm_uid UUID := gen_random_uuid();
  v_2044_uid UUID := gen_random_uuid();
  v_gadost_uid UUID := gen_random_uuid();
  v_mint_uid UUID := gen_random_uuid();
  v_zaokret_uid UUID := gen_random_uuid();
  v_dvoristance_uid UUID := gen_random_uuid();
  v_supermarket_uid UUID := gen_random_uuid();
  v_dots_uid UUID := gen_random_uuid();
  v_next_friday DATE;
  v_next_saturday DATE;
BEGIN
  v_next_friday := CURRENT_DATE + ((5 - EXTRACT(DOW FROM CURRENT_DATE)::INT + 7) % 7)::INT;
  IF v_next_friday <= CURRENT_DATE THEN
    v_next_friday := v_next_friday + 7;
  END IF;
  v_next_saturday := v_next_friday + 1;

  -- Create auth users
  INSERT INTO auth.users (id, instance_id, aud, role, email, encrypted_password, email_confirmed_at, raw_app_meta_data, raw_user_meta_data, created_at, updated_at, confirmation_token, is_super_admin)
  VALUES
    (v_drugstore_uid, '00000000-0000-0000-0000-000000000000', 'authenticated', 'authenticated', 'venue-drugstore@afterbefore.rs', crypt('VenuePass2026!', gen_salt('bf')), NOW(), '{"provider":"email","providers":["email"]}', '{"account_type":"club_venue","full_name":"Drugstore Belgrade"}', NOW(), NOW(), '', false),
    (v_karmakoma_uid, '00000000-0000-0000-0000-000000000000', 'authenticated', 'authenticated', 'venue-karmakoma@afterbefore.rs', crypt('VenuePass2026!', gen_salt('bf')), NOW(), '{"provider":"email","providers":["email"]}', '{"account_type":"club_venue","full_name":"Karmakoma"}', NOW(), NOW(), '', false),
    (v_para_uid, '00000000-0000-0000-0000-000000000000', 'authenticated', 'authenticated', 'venue-para@afterbefore.rs', crypt('VenuePass2026!', gen_salt('bf')), NOW(), '{"provider":"email","providers":["email"]}', '{"account_type":"club_venue","full_name":"Para Belgrade"}', NOW(), NOW(), '', false),
    (v_kult_uid, '00000000-0000-0000-0000-000000000000', 'authenticated', 'authenticated', 'venue-kult@afterbefore.rs', crypt('VenuePass2026!', gen_salt('bf')), NOW(), '{"provider":"email","providers":["email"]}', '{"account_type":"club_venue","full_name":"Kult"}', NOW(), NOW(), '', false),
    (v_telma_uid, '00000000-0000-0000-0000-000000000000', 'authenticated', 'authenticated', 'venue-telma@afterbefore.rs', crypt('VenuePass2026!', gen_salt('bf')), NOW(), '{"provider":"email","providers":["email"]}', '{"account_type":"club_venue","full_name":"Telma"}', NOW(), NOW(), '', false),
    (v_kptm_uid, '00000000-0000-0000-0000-000000000000', 'authenticated', 'authenticated', 'venue-kptm@afterbefore.rs', crypt('VenuePass2026!', gen_salt('bf')), NOW(), '{"provider":"email","providers":["email"]}', '{"account_type":"club_venue","full_name":"KPTM"}', NOW(), NOW(), '', false),
    (v_2044_uid, '00000000-0000-0000-0000-000000000000', 'authenticated', 'authenticated', 'venue-2044@afterbefore.rs', crypt('VenuePass2026!', gen_salt('bf')), NOW(), '{"provider":"email","providers":["email"]}', '{"account_type":"club_venue","full_name":"20/44"}', NOW(), NOW(), '', false),
    (v_gadost_uid, '00000000-0000-0000-0000-000000000000', 'authenticated', 'authenticated', 'venue-gadost@afterbefore.rs', crypt('VenuePass2026!', gen_salt('bf')), NOW(), '{"provider":"email","providers":["email"]}', '{"account_type":"club_venue","full_name":"Gadost"}', NOW(), NOW(), '', false),
    (v_mint_uid, '00000000-0000-0000-0000-000000000000', 'authenticated', 'authenticated', 'venue-mint@afterbefore.rs', crypt('VenuePass2026!', gen_salt('bf')), NOW(), '{"provider":"email","providers":["email"]}', '{"account_type":"club_venue","full_name":"Mint Club"}', NOW(), NOW(), '', false),
    (v_zaokret_uid, '00000000-0000-0000-0000-000000000000', 'authenticated', 'authenticated', 'venue-zaokret@afterbefore.rs', crypt('VenuePass2026!', gen_salt('bf')), NOW(), '{"provider":"email","providers":["email"]}', '{"account_type":"club_venue","full_name":"Zaokret"}', NOW(), NOW(), '', false),
    (v_dvoristance_uid, '00000000-0000-0000-0000-000000000000', 'authenticated', 'authenticated', 'venue-dvoristance@afterbefore.rs', crypt('VenuePass2026!', gen_salt('bf')), NOW(), '{"provider":"email","providers":["email"]}', '{"account_type":"club_venue","full_name":"Dvorištance"}', NOW(), NOW(), '', false),
    (v_supermarket_uid, '00000000-0000-0000-0000-000000000000', 'authenticated', 'authenticated', 'venue-supermarket@afterbefore.rs', crypt('VenuePass2026!', gen_salt('bf')), NOW(), '{"provider":"email","providers":["email"]}', '{"account_type":"club_venue","full_name":"Supermarket"}', NOW(), NOW(), '', false),
    (v_dots_uid, '00000000-0000-0000-0000-000000000000', 'authenticated', 'authenticated', 'venue-dots@afterbefore.rs', crypt('VenuePass2026!', gen_salt('bf')), NOW(), '{"provider":"email","providers":["email"]}', '{"account_type":"club_venue","full_name":"Galerija DOTS"}', NOW(), NOW(), '', false);

  -- Create identities
  INSERT INTO auth.identities (id, user_id, identity_data, provider, provider_id, last_sign_in_at, created_at, updated_at)
  VALUES
    (gen_random_uuid(), v_drugstore_uid, jsonb_build_object('sub', v_drugstore_uid::text, 'email', 'venue-drugstore@afterbefore.rs'), 'email', v_drugstore_uid::text, NOW(), NOW(), NOW()),
    (gen_random_uuid(), v_karmakoma_uid, jsonb_build_object('sub', v_karmakoma_uid::text, 'email', 'venue-karmakoma@afterbefore.rs'), 'email', v_karmakoma_uid::text, NOW(), NOW(), NOW()),
    (gen_random_uuid(), v_para_uid, jsonb_build_object('sub', v_para_uid::text, 'email', 'venue-para@afterbefore.rs'), 'email', v_para_uid::text, NOW(), NOW(), NOW()),
    (gen_random_uuid(), v_kult_uid, jsonb_build_object('sub', v_kult_uid::text, 'email', 'venue-kult@afterbefore.rs'), 'email', v_kult_uid::text, NOW(), NOW(), NOW()),
    (gen_random_uuid(), v_telma_uid, jsonb_build_object('sub', v_telma_uid::text, 'email', 'venue-telma@afterbefore.rs'), 'email', v_telma_uid::text, NOW(), NOW(), NOW()),
    (gen_random_uuid(), v_kptm_uid, jsonb_build_object('sub', v_kptm_uid::text, 'email', 'venue-kptm@afterbefore.rs'), 'email', v_kptm_uid::text, NOW(), NOW(), NOW()),
    (gen_random_uuid(), v_2044_uid, jsonb_build_object('sub', v_2044_uid::text, 'email', 'venue-2044@afterbefore.rs'), 'email', v_2044_uid::text, NOW(), NOW(), NOW()),
    (gen_random_uuid(), v_gadost_uid, jsonb_build_object('sub', v_gadost_uid::text, 'email', 'venue-gadost@afterbefore.rs'), 'email', v_gadost_uid::text, NOW(), NOW(), NOW()),
    (gen_random_uuid(), v_mint_uid, jsonb_build_object('sub', v_mint_uid::text, 'email', 'venue-mint@afterbefore.rs'), 'email', v_mint_uid::text, NOW(), NOW(), NOW()),
    (gen_random_uuid(), v_zaokret_uid, jsonb_build_object('sub', v_zaokret_uid::text, 'email', 'venue-zaokret@afterbefore.rs'), 'email', v_zaokret_uid::text, NOW(), NOW(), NOW()),
    (gen_random_uuid(), v_dvoristance_uid, jsonb_build_object('sub', v_dvoristance_uid::text, 'email', 'venue-dvoristance@afterbefore.rs'), 'email', v_dvoristance_uid::text, NOW(), NOW(), NOW()),
    (gen_random_uuid(), v_supermarket_uid, jsonb_build_object('sub', v_supermarket_uid::text, 'email', 'venue-supermarket@afterbefore.rs'), 'email', v_supermarket_uid::text, NOW(), NOW(), NOW()),
    (gen_random_uuid(), v_dots_uid, jsonb_build_object('sub', v_dots_uid::text, 'email', 'venue-dots@afterbefore.rs'), 'email', v_dots_uid::text, NOW(), NOW(), NOW());

  -- Update trigger-created profiles with venue details
  UPDATE public.profiles SET display_name='Drugstore Belgrade', account_type='club_venue', onboarding_completed=true, city='Belgrade', venue_name='Drugstore', venue_address='Bulevar vojvode Bojovića 30, Belgrade', venue_description='Legendary Belgrade techno club in a former slaughterhouse. Raw industrial space, world-class sound system.', venue_music_genres=ARRAY['techno','industrial','experimental'], venue_capacity=500 WHERE user_id=v_drugstore_uid;
  UPDATE public.profiles SET display_name='Karmakoma', account_type='club_venue', onboarding_completed=true, city='Belgrade', venue_name='Karmakoma', venue_address='Kneza Miloša 10, Belgrade', venue_description='Underground electronic music club. Intimate space with deep house and minimal techno.', venue_music_genres=ARRAY['deep house','minimal','techno'], venue_capacity=200 WHERE user_id=v_karmakoma_uid;
  UPDATE public.profiles SET display_name='Para Belgrade', account_type='club_venue', onboarding_completed=true, city='Belgrade', venue_name='Para', venue_address='Pariska 1a, Belgrade', venue_description='Premium club venue in the heart of Belgrade. Diverse electronic music programming.', venue_music_genres=ARRAY['house','techno','disco'], venue_capacity=350 WHERE user_id=v_para_uid;
  UPDATE public.profiles SET display_name='Kult', account_type='club_venue', onboarding_completed=true, city='Belgrade', venue_name='Kult', venue_address='Nemanjina 28, Belgrade', venue_description='Alternative club scene with underground programming. Music-first approach.', venue_music_genres=ARRAY['techno','drum and bass','experimental'], venue_capacity=250 WHERE user_id=v_kult_uid;
  UPDATE public.profiles SET display_name='Telma', account_type='club_venue', onboarding_completed=true, city='Belgrade', venue_name='Telma', venue_address='Ruzveltova 41, Belgrade', venue_description='Cozy bar and club with quality electronic music and strong local community.', venue_music_genres=ARRAY['house','disco','soul'], venue_capacity=150 WHERE user_id=v_telma_uid;
  UPDATE public.profiles SET display_name='KPTM', account_type='club_venue', onboarding_completed=true, city='Belgrade', venue_name='KPTM', venue_address='Karađorđeva 43, Belgrade', venue_description='Multi-room club in Savamala with diverse electronic programming and cultural events.', venue_music_genres=ARRAY['techno','house','ambient'], venue_capacity=300 WHERE user_id=v_kptm_uid;
  UPDATE public.profiles SET display_name='20/44', account_type='club_venue', onboarding_completed=true, city='Belgrade', venue_name='20/44', venue_address='Savski kej bb, Belgrade', venue_description='Iconic river club on the Sava. House music, sunset sessions, and Belgrade''s best terrace.', venue_music_genres=ARRAY['house','disco','afrobeat'], venue_capacity=400 WHERE user_id=v_2044_uid;
  UPDATE public.profiles SET display_name='Gadost', account_type='club_venue', onboarding_completed=true, city='Belgrade', venue_name='Gadost', venue_address='Cetinjska 15, Belgrade', venue_description='Underground club in the heart of Dorćol. Dark aesthetics, raw sound.', venue_music_genres=ARRAY['techno','industrial','dark ambient'], venue_capacity=200 WHERE user_id=v_gadost_uid;
  UPDATE public.profiles SET display_name='Mint Club', account_type='club_venue', onboarding_completed=true, city='Belgrade', venue_name='Mint Club', venue_address='Savski kej, Belgrade', venue_description='Modern club experience on Belgrade waterfront with quality bookings.', venue_music_genres=ARRAY['house','tech house','melodic techno'], venue_capacity=350 WHERE user_id=v_mint_uid;
  UPDATE public.profiles SET display_name='Zaokret', account_type='club_venue', onboarding_completed=true, city='Belgrade', venue_name='Zaokret', venue_address='Savamala, Belgrade', venue_description='Cultural hub and bar in Savamala. Live music, exhibitions, and craft cocktails.', venue_music_genres=ARRAY['live music','jazz','soul'], venue_capacity=100 WHERE user_id=v_zaokret_uid;
  UPDATE public.profiles SET display_name='Dvorištance', account_type='club_venue', onboarding_completed=true, city='Belgrade', venue_name='Dvorištance', venue_address='Cetinjska 6, Belgrade', venue_description='Hidden courtyard bar in Dorćol. Intimate vibes, DJ sets on weekends.', venue_music_genres=ARRAY['house','funk','soul'], venue_capacity=80 WHERE user_id=v_dvoristance_uid;
  UPDATE public.profiles SET display_name='Supermarket', account_type='club_venue', onboarding_completed=true, city='Belgrade', venue_name='Supermarket', venue_address='Višnjićeva 10, Belgrade', venue_description='Bar, restaurant and creative space. Weekend DJ sessions and cultural events.', venue_music_genres=ARRAY['indie','electronic','live music'], venue_capacity=120 WHERE user_id=v_supermarket_uid;
  UPDATE public.profiles SET display_name='Galerija DOTS', account_type='club_venue', onboarding_completed=true, city='Belgrade', venue_name='Galerija DOTS', venue_address='Kralja Petra 64, Belgrade', venue_description='Contemporary art gallery in Dorćol. Exhibitions, openings with music, and cultural nights.', venue_music_genres=ARRAY['ambient','experimental','live music'], venue_capacity=80 WHERE user_id=v_dots_uid;

  -- Insert 26 events (2 per venue)
  INSERT INTO public.events (id, title, description, date, start_time, end_time, venue_name, address, latitude, longitude, capacity, music_genres, price, host_id, geofence_radius, image_url) VALUES
    (gen_random_uuid(), 'Concrete Ritual', 'A night of relentless industrial techno. Featuring DJ Petar Lazić and Noctvrne.', v_next_friday, '23:00', '06:00', 'Drugstore', 'Bulevar vojvode Bojovića 30, Belgrade', 44.8124, 20.4570, 500, ARRAY['techno','industrial'], 1000, v_drugstore_uid, 100, 'https://images.unsplash.com/photo-1571266028243-e4733b0f0bb0?w=800'),
    (gen_random_uuid(), 'Dark Matter', 'Experimental electronics and raw techno. Live set by Kosmik Noise + DJ Mara.', v_next_saturday, '23:00', '06:00', 'Drugstore', 'Bulevar vojvode Bojovića 30, Belgrade', 44.8124, 20.4570, 500, ARRAY['techno','experimental'], 1200, v_drugstore_uid, 100, 'https://images.unsplash.com/photo-1598387993281-cecf8b71a8f8?w=800'),
    (gen_random_uuid(), 'Deep Signal', 'Deep house journey into the night. Residents Mila K and Dušan B.', v_next_friday, '23:00', '06:00', 'Karmakoma', 'Kneza Miloša 10, Belgrade', 44.8061, 20.4636, 200, ARRAY['deep house','minimal'], 800, v_karmakoma_uid, 100, 'https://images.unsplash.com/photo-1516450360452-9312f5e86fc7?w=800'),
    (gen_random_uuid(), 'Analog Dreams', 'Vinyl-only minimal techno session. DJ Analog Soul spins all night.', v_next_saturday, '23:00', '06:00', 'Karmakoma', 'Kneza Miloša 10, Belgrade', 44.8061, 20.4636, 200, ARRAY['minimal','techno'], 800, v_karmakoma_uid, 100, 'https://images.unsplash.com/photo-1493225457124-a3eb161ffa5f?w=800'),
    (gen_random_uuid(), 'Pulse', 'House music marathon with Romain FX and local hero Nina V.', v_next_friday, '23:00', '06:00', 'Para', 'Pariska 1a, Belgrade', 44.8218, 20.4545, 350, ARRAY['house','techno'], 1500, v_para_uid, 100, 'https://images.unsplash.com/photo-1574391884720-bbc3740c59d1?w=800'),
    (gen_random_uuid(), 'Disco Inferno', 'Disco and house grooves all night. DJ Stella and The Groove Syndicate.', v_next_saturday, '23:00', '06:00', 'Para', 'Pariska 1a, Belgrade', 44.8218, 20.4545, 350, ARRAY['disco','house'], 1500, v_para_uid, 100, 'https://images.unsplash.com/photo-1429962714451-bb934ecdc4ec?w=800'),
    (gen_random_uuid(), 'Subterranean', 'Underground drum and bass meets dark techno. MC Vortex + DJ Phantom.', v_next_friday, '23:00', '06:00', 'Kult', 'Nemanjina 28, Belgrade', 44.8025, 20.4580, 250, ARRAY['drum and bass','techno'], 700, v_kult_uid, 100, 'https://images.unsplash.com/photo-1470225620780-dba8ba36b745?w=800'),
    (gen_random_uuid(), 'Night Shift', 'Experimental electronics and live visuals. AV set by Cluster Effect.', v_next_saturday, '23:00', '06:00', 'Kult', 'Nemanjina 28, Belgrade', 44.8025, 20.4580, 250, ARRAY['experimental','techno'], 700, v_kult_uid, 100, 'https://images.unsplash.com/photo-1504704911898-68304a7d2571?w=800'),
    (gen_random_uuid(), 'Soul Kitchen', 'Warm house and disco grooves. DJ Luka Smooth and friends.', v_next_friday, '23:00', '06:00', 'Telma', 'Ruzveltova 41, Belgrade', 44.7936, 20.4687, 150, ARRAY['house','soul'], 500, v_telma_uid, 100, 'https://images.unsplash.com/photo-1514525253161-7a46d19cd819?w=800'),
    (gen_random_uuid(), 'Disco Daze', 'Saturday disco party with vinyl selectors Tanja and Marko.', v_next_saturday, '23:00', '06:00', 'Telma', 'Ruzveltova 41, Belgrade', 44.7936, 20.4687, 150, ARRAY['disco','house'], 500, v_telma_uid, 100, 'https://images.unsplash.com/photo-1508700115892-45ecd05ae2ad?w=800'),
    (gen_random_uuid(), 'Warehouse Session', 'Multi-room techno experience. Hard techno meets ambient downtempo.', v_next_friday, '23:00', '06:00', 'KPTM', 'Karađorđeva 43, Belgrade', 44.8152, 20.4436, 300, ARRAY['techno','ambient'], 900, v_kptm_uid, 100, 'https://images.unsplash.com/photo-1560707303-4e980ce876ad?w=800'),
    (gen_random_uuid(), 'Frequency', 'House music all night with resident DJs and special guest from Berlin.', v_next_saturday, '23:00', '06:00', 'KPTM', 'Karađorđeva 43, Belgrade', 44.8152, 20.4436, 300, ARRAY['house','techno'], 900, v_kptm_uid, 100, 'https://images.unsplash.com/photo-1566737236500-c8ac43014a67?w=800'),
    (gen_random_uuid(), 'Sunset Session', 'Golden hour house on the river. DJ Sava Grooves and Afro Collective.', v_next_friday, '23:00', '06:00', '20/44', 'Savski kej bb, Belgrade', 44.8108, 20.4413, 400, ARRAY['house','afrobeat'], 800, v_2044_uid, 100, 'https://images.unsplash.com/photo-1533174072545-7a4b6ad7a6c3?w=800'),
    (gen_random_uuid(), 'River Ritual', 'Disco and house under the stars. Live percussion by Đorđe Drums.', v_next_saturday, '23:00', '06:00', '20/44', 'Savski kej bb, Belgrade', 44.8108, 20.4413, 400, ARRAY['disco','house'], 800, v_2044_uid, 100, 'https://images.unsplash.com/photo-1492684223066-81342ee5ff30?w=800'),
    (gen_random_uuid(), 'Black Box', 'Dark techno and industrial. DJ Crni and Toxic System.', v_next_friday, '23:00', '06:00', 'Gadost', 'Cetinjska 15, Belgrade', 44.8186, 20.4611, 200, ARRAY['techno','industrial'], 600, v_gadost_uid, 100, 'https://images.unsplash.com/photo-1618005182384-a83a8bd57fbe?w=800'),
    (gen_random_uuid(), 'Void', 'Dark ambient and experimental. Immersive sound design by Nebula.', v_next_saturday, '23:00', '06:00', 'Gadost', 'Cetinjska 15, Belgrade', 44.8186, 20.4611, 200, ARRAY['dark ambient','experimental'], 600, v_gadost_uid, 100, 'https://images.unsplash.com/photo-1511671782779-c97d3d27a1d4?w=800'),
    (gen_random_uuid(), 'Melodic Nights', 'Melodic techno and progressive. Guest DJ from Afterlife label.', v_next_friday, '23:00', '06:00', 'Mint Club', 'Savski kej, Belgrade', 44.8095, 20.4395, 350, ARRAY['melodic techno','tech house'], 1200, v_mint_uid, 100, 'https://images.unsplash.com/photo-1571266028243-e4733b0f0bb0?w=800'),
    (gen_random_uuid(), 'House Nation', 'Tech house and groovy vibes. Residents + special guest TBA.', v_next_saturday, '23:00', '06:00', 'Mint Club', 'Savski kej, Belgrade', 44.8095, 20.4395, 350, ARRAY['house','tech house'], 1200, v_mint_uid, 100, 'https://images.unsplash.com/photo-1574391884720-bbc3740c59d1?w=800'),
    (gen_random_uuid(), 'Vinyl Friday', 'All-vinyl DJ set with craft cocktails. Selector: DJ Wax Philosophy.', v_next_friday, '21:00', '02:00', 'Zaokret', 'Savamala, Belgrade', 44.8142, 20.4445, 100, ARRAY['jazz','soul'], 0, v_zaokret_uid, 100, 'https://images.unsplash.com/photo-1415201364774-f6f0bb35f28f?w=800'),
    (gen_random_uuid(), 'Weekend Grooves', 'Live jazz trio + DJ afterparty. Featuring Belgrade Jazz Unit.', v_next_saturday, '21:00', '02:00', 'Zaokret', 'Savamala, Belgrade', 44.8142, 20.4445, 100, ARRAY['live music','jazz'], 0, v_zaokret_uid, 100, 'https://images.unsplash.com/photo-1511192336575-5a79af67a629?w=800'),
    (gen_random_uuid(), 'Courtyard Sessions', 'Intimate house and funk in the hidden courtyard. DJ Funky Panda.', v_next_friday, '21:00', '02:00', 'Dvorištance', 'Cetinjska 6, Belgrade', 44.8195, 20.4618, 80, ARRAY['house','funk'], 0, v_dvoristance_uid, 100, 'https://images.unsplash.com/photo-1506157786151-b8491531f063?w=800'),
    (gen_random_uuid(), 'Soul Saturday', 'Soul and funk vinyl selection. Warm vibes and good people.', v_next_saturday, '21:00', '02:00', 'Dvorištance', 'Cetinjska 6, Belgrade', 44.8195, 20.4618, 80, ARRAY['soul','funk'], 0, v_dvoristance_uid, 100, 'https://images.unsplash.com/photo-1504509546545-e000b4a62425?w=800'),
    (gen_random_uuid(), 'Indie Electric', 'Live indie band + electronic DJ set. The Static and DJ Pixel.', v_next_friday, '21:00', '02:00', 'Supermarket', 'Višnjićeva 10, Belgrade', 44.8191, 20.4639, 120, ARRAY['indie','electronic'], 0, v_supermarket_uid, 100, 'https://images.unsplash.com/photo-1501386761578-eac5c94b800a?w=800'),
    (gen_random_uuid(), 'Cultural Beats', 'Weekend cultural program with DJ sets and art installations.', v_next_saturday, '21:00', '02:00', 'Supermarket', 'Višnjićeva 10, Belgrade', 44.8191, 20.4639, 120, ARRAY['electronic','live music'], 0, v_supermarket_uid, 100, 'https://images.unsplash.com/photo-1459749411175-04bf5292ceea?w=800'),
    (gen_random_uuid(), 'Opening Night: Echoes of Form', 'New exhibition by sculptor Ana Petrović. Ambient soundscape by Ether Collective.', v_next_friday, '19:00', '23:00', 'Galerija DOTS', 'Kralja Petra 64, Belgrade', 44.8201, 20.4582, 80, ARRAY['ambient','experimental'], 0, v_dots_uid, 100, 'https://images.unsplash.com/photo-1531243269054-5ebf6f34081e?w=800'),
    (gen_random_uuid(), 'Art & Sound: Nikola Zvuk', 'Live experimental performance merging visual art and sound design.', v_next_saturday, '19:00', '23:00', 'Galerija DOTS', 'Kralja Petra 64, Belgrade', 44.8201, 20.4582, 80, ARRAY['experimental','live music'], 0, v_dots_uid, 100, 'https://images.unsplash.com/photo-1513364776144-60967b0f800f?w=800');
END $$;
